{
    "accuracy": 0.65,
    "precision": 0.47368421052631576,
    "recall": 0.3333333333333333,
    "f1_score": 0.391304347826087
}
